{"cameraMode":{"drawMode":0,"name":"Shaded","section":"Shading Mode"},"sceneLighting":false,"audioPlay":false,"sceneViewState":{"m_AlwaysRefresh":false,"showFog":true,"showSkybox":false,"showFlares":true,"showImageEffects":true,"showParticleSystems":true,"showVisualEffectGraphs":true,"m_FxEnabled":true},"in2DMode":false,"pivot":{"x":-0.011474847793579102,"y":0.25583356618881228,"z":-0.007095277309417725},"rotation":{"x":-0.007438336499035358,"y":-0.9910148978233337,"z":-0.09835010766983032,"w":0.0982813909649849},"size":0.7824363112449646,"orthographic":false}