{"cameraMode":{"drawMode":0,"name":"Shaded","section":"Shading Mode"},"sceneLighting":false,"audioPlay":false,"sceneViewState":{"m_AlwaysRefresh":false,"showFog":true,"showSkybox":false,"showFlares":true,"showImageEffects":true,"showParticleSystems":true,"showVisualEffectGraphs":true,"m_FxEnabled":true},"in2DMode":false,"pivot":{"x":-0.1358397901058197,"y":-0.07066133618354798,"z":-0.3664461374282837},"rotation":{"x":0.0007542565581388772,"y":-0.9912422299385071,"z":0.137980118393898,"w":-0.004163012839853764},"size":0.6716349720954895,"orthographic":false}