{"cameraMode":{"drawMode":0,"name":"Shaded","section":"Shading Mode"},"sceneLighting":false,"audioPlay":false,"sceneViewState":{"m_AlwaysRefresh":false,"showFog":true,"showSkybox":false,"showFlares":true,"showImageEffects":true,"showParticleSystems":true,"showVisualEffectGraphs":true,"m_FxEnabled":true},"in2DMode":false,"pivot":{"x":-0.04876887798309326,"y":0.18927380442619325,"z":0.021344900131225587},"rotation":{"x":-0.07909908890724182,"y":-0.90191251039505,"z":-0.3803679347038269,"w":0.1926424354314804},"size":3.1330103874206545,"orthographic":false}