{"cameraMode":{"drawMode":0,"name":"Shaded","section":"Shading Mode"},"sceneLighting":false,"audioPlay":false,"sceneViewState":{"m_AlwaysRefresh":false,"showFog":true,"showSkybox":false,"showFlares":true,"showImageEffects":true,"showParticleSystems":true,"showVisualEffectGraphs":true,"m_FxEnabled":true},"in2DMode":false,"pivot":{"x":-0.003313720226287842,"y":2.8591556549072267,"z":0.011180996894836426},"rotation":{"x":0.005081776529550552,"y":0.9542467594146729,"z":0.023254256695508958,"w":-0.3005148470401764},"size":3.5160892009735109,"orthographic":false}