{"cameraMode":{"drawMode":0,"name":"Shaded","section":"Shading Mode"},"sceneLighting":false,"audioPlay":false,"sceneViewState":{"m_AlwaysRefresh":false,"showFog":true,"showSkybox":false,"showFlares":true,"showImageEffects":true,"showParticleSystems":true,"showVisualEffectGraphs":true,"m_FxEnabled":true},"in2DMode":false,"pivot":{"x":-0.4001288414001465,"y":-0.26593780517578127,"z":-0.5288112163543701},"rotation":{"x":0.25013092160224917,"y":-0.362795889377594,"z":0.10087408870458603,"w":0.8923491835594177},"size":3.2375259399414064,"orthographic":false}