{"cameraMode":{"drawMode":0,"name":"Shaded","section":"Shading Mode"},"sceneLighting":false,"audioPlay":false,"sceneViewState":{"m_AlwaysRefresh":false,"showFog":true,"showSkybox":false,"showFlares":true,"showImageEffects":true,"showParticleSystems":true,"showVisualEffectGraphs":true,"m_FxEnabled":true},"in2DMode":false,"pivot":{"x":1.4100666046142579,"y":0.4265272617340088,"z":0.4809972643852234},"rotation":{"x":0.0474587082862854,"y":-0.7368290424346924,"z":0.05206899344921112,"w":0.6727014780044556},"size":0.7417150735855103,"orthographic":false}