{"cameraMode":{"drawMode":0,"name":"Shaded","section":"Shading Mode"},"sceneLighting":false,"audioPlay":false,"sceneViewState":{"m_AlwaysRefresh":false,"showFog":true,"showSkybox":false,"showFlares":true,"showImageEffects":true,"showParticleSystems":true,"showVisualEffectGraphs":true,"m_FxEnabled":true},"in2DMode":false,"pivot":{"x":0.0037836432456970217,"y":0.29017284512519839,"z":-0.00047776103019714355},"rotation":{"x":0.030765347182750703,"y":-0.34868913888931277,"z":0.06397480517625809,"w":0.9369720816612244},"size":0.3532167971134186,"orthographic":false}