{"cameraMode":{"drawMode":0,"name":"Shaded","section":"Shading Mode"},"sceneLighting":false,"audioPlay":false,"sceneViewState":{"m_AlwaysRefresh":false,"showFog":true,"showSkybox":false,"showFlares":true,"showImageEffects":true,"showParticleSystems":true,"showVisualEffectGraphs":true,"m_FxEnabled":true},"in2DMode":false,"pivot":{"x":0.3464139699935913,"y":0.1766831874847412,"z":-0.25797438621520998},"rotation":{"x":-0.027118932455778123,"y":-0.9558732509613037,"z":0.10647445917129517,"w":0.2809419631958008},"size":1.4151475429534913,"orthographic":false}