{"cameraMode":{"drawMode":0,"name":"Shaded","section":"Shading Mode"},"sceneLighting":false,"audioPlay":false,"sceneViewState":{"m_AlwaysRefresh":false,"showFog":true,"showSkybox":false,"showFlares":true,"showImageEffects":true,"showParticleSystems":true,"showVisualEffectGraphs":true,"m_FxEnabled":true},"in2DMode":false,"pivot":{"x":0.22516357898712159,"y":0.6246500015258789,"z":0.01735401153564453},"rotation":{"x":-0.4439217746257782,"y":-0.2530936002731323,"z":0.06799623370170593,"w":-0.8596261739730835},"size":1.4151475429534913,"orthographic":false}