{"cameraMode":{"drawMode":0,"name":"Shaded","section":"Shading Mode"},"sceneLighting":false,"audioPlay":false,"sceneViewState":{"m_AlwaysRefresh":false,"showFog":true,"showSkybox":false,"showFlares":true,"showImageEffects":true,"showParticleSystems":true,"showVisualEffectGraphs":true,"m_FxEnabled":true},"in2DMode":false,"pivot":{"x":0.07483065128326416,"y":0.1687307208776474,"z":-0.06687244772911072},"rotation":{"x":0.04139884188771248,"y":0.5492497682571411,"z":-0.027111412957310678,"w":0.8344337940216065},"size":0.28179270029067995,"orthographic":false}