{"cameraMode":{"drawMode":0,"name":"Shaded","section":"Shading Mode"},"sceneLighting":false,"audioPlay":false,"sceneViewState":{"m_AlwaysRefresh":false,"showFog":true,"showSkybox":false,"showFlares":true,"showImageEffects":true,"showParticleSystems":true,"showVisualEffectGraphs":true,"m_FxEnabled":true},"in2DMode":false,"pivot":{"x":0.2441551387310028,"y":1.0391807556152344,"z":-0.42308735847473147},"rotation":{"x":0.1807692050933838,"y":0.034084051847457889,"z":-0.008308736607432366,"w":0.9836966395378113},"size":0.6681643724441528,"orthographic":false}