{"cameraMode":{"drawMode":0,"name":"Shaded","section":"Shading Mode"},"sceneLighting":false,"audioPlay":false,"sceneViewState":{"m_AlwaysRefresh":false,"showFog":true,"showSkybox":false,"showFlares":true,"showImageEffects":true,"showParticleSystems":true,"showVisualEffectGraphs":true,"m_FxEnabled":true},"in2DMode":false,"pivot":{"x":-1.3479458093643189,"y":-0.7826066613197327,"z":-2.683826446533203},"rotation":{"x":-0.031251270323991778,"y":0.9647998809814453,"z":-0.13128496706485749,"w":-0.22762992978096009},"size":1.644043207168579,"orthographic":false}