{"cameraMode":{"drawMode":0,"name":"Shaded","section":"Shading Mode"},"sceneLighting":false,"audioPlay":false,"sceneViewState":{"m_AlwaysRefresh":false,"showFog":true,"showSkybox":false,"showFlares":true,"showImageEffects":true,"showParticleSystems":true,"showVisualEffectGraphs":true,"m_FxEnabled":true},"in2DMode":false,"pivot":{"x":0.186631441116333,"y":0.028394067659974099,"z":-0.046406231820583346},"rotation":{"x":0.03183630481362343,"y":-0.8953160643577576,"z":0.06286294013261795,"w":0.44056740403175356},"size":1.2247449159622193,"orthographic":false}