{"cameraMode":{"drawMode":0,"name":"Shaded","section":"Shading Mode"},"sceneLighting":true,"audioPlay":false,"sceneViewState":{"m_AlwaysRefresh":false,"showFog":true,"showSkybox":true,"showFlares":true,"showImageEffects":true,"showParticleSystems":true,"showVisualEffectGraphs":true,"m_FxEnabled":true},"in2DMode":false,"pivot":{"x":38.966365814208987,"y":-3.9728362560272219,"z":115.06340789794922},"rotation":{"x":0.04390564188361168,"y":0.21028240025043488,"z":-0.011430373415350914,"w":0.9773887991905212},"size":76.25005340576172,"orthographic":false}