{"cameraMode":{"drawMode":0,"name":"Shaded","section":"Shading Mode"},"sceneLighting":true,"audioPlay":false,"sceneViewState":{"m_AlwaysRefresh":false,"showFog":true,"showSkybox":true,"showFlares":true,"showImageEffects":true,"showParticleSystems":true,"showVisualEffectGraphs":true,"m_FxEnabled":true},"in2DMode":false,"pivot":{"x":-10.289738655090332,"y":-2.4490034580230715,"z":-34.92338562011719},"rotation":{"x":-0.12912105023860932,"y":0.13468731939792634,"z":0.01660212129354477,"w":0.9826526045799255},"size":3.3992230892181398,"orthographic":false}