{"cameraMode":{"drawMode":0,"name":"Shaded","section":"Shading Mode"},"sceneLighting":true,"audioPlay":false,"sceneViewState":{"m_AlwaysRefresh":false,"showFog":true,"showSkybox":true,"showFlares":true,"showImageEffects":true,"showParticleSystems":true,"showVisualEffectGraphs":true,"m_FxEnabled":true},"in2DMode":false,"pivot":{"x":-13.170029640197754,"y":10.846582412719727,"z":-25.373275756835939},"rotation":{"x":-0.22560709714889527,"y":0.17274095118045808,"z":0.039486560970544818,"w":0.9583256840705872},"size":5.500659465789795,"orthographic":false}