{"cameraMode":{"drawMode":0,"name":"Shaded","section":"Shading Mode"},"sceneLighting":true,"audioPlay":false,"sceneViewState":{"m_AlwaysRefresh":false,"showFog":true,"showSkybox":true,"showFlares":true,"showImageEffects":true,"showParticleSystems":true,"showVisualEffectGraphs":true,"m_FxEnabled":true},"in2DMode":false,"pivot":{"x":54.771690368652347,"y":25.64463996887207,"z":-58.080284118652347},"rotation":{"x":-0.10982799530029297,"y":-0.16303172707557679,"z":-0.00762316444888711,"w":0.9817590713500977},"size":0.3495500087738037,"orthographic":false}