{"cameraMode":{"drawMode":0,"name":"Shaded","section":"Shading Mode"},"sceneLighting":true,"audioPlay":false,"sceneViewState":{"m_AlwaysRefresh":false,"showFog":true,"showSkybox":true,"showFlares":true,"showImageEffects":true,"showParticleSystems":true,"showVisualEffectGraphs":true,"m_FxEnabled":true},"in2DMode":false,"pivot":{"x":3.1547293663024904,"y":4.712131500244141,"z":0.12145332247018814},"rotation":{"x":0.291279673576355,"y":-0.6568620800971985,"z":0.3068501949310303,"w":0.6242516040802002},"size":0.21162819862365724,"orthographic":false}