{"cameraMode":{"drawMode":0,"name":"Shaded","section":"Shading Mode"},"sceneLighting":true,"audioPlay":false,"sceneViewState":{"m_AlwaysRefresh":false,"showFog":true,"showSkybox":true,"showFlares":true,"showImageEffects":true,"showParticleSystems":true,"showVisualEffectGraphs":true,"m_FxEnabled":true},"in2DMode":false,"pivot":{"x":-0.696603536605835,"y":-0.10687793046236038,"z":0.0004377223376650363},"rotation":{"x":-0.23869547247886659,"y":0.4283200204372406,"z":-0.1913589984178543,"w":-0.853033185005188},"size":1.595628023147583,"orthographic":false}