{"cameraMode":{"drawMode":0,"name":"Shaded","section":"Shading Mode"},"sceneLighting":false,"audioPlay":false,"sceneViewState":{"m_AlwaysRefresh":false,"showFog":true,"showSkybox":false,"showFlares":true,"showImageEffects":true,"showParticleSystems":true,"showVisualEffectGraphs":true,"m_FxEnabled":true},"in2DMode":false,"pivot":{"x":0.0015306472778320313,"y":1.9940005540847779,"z":0.008528351783752442},"rotation":{"x":0.005081776529550552,"y":0.9542467594146729,"z":0.023254256695508958,"w":-0.3005148470401764},"size":0.8660253882408142,"orthographic":false}