{"cameraMode":{"drawMode":0,"name":"Shaded","section":"Shading Mode"},"sceneLighting":false,"audioPlay":false,"sceneViewState":{"m_AlwaysRefresh":false,"showFog":true,"showSkybox":false,"showFlares":true,"showImageEffects":true,"showParticleSystems":true,"showVisualEffectGraphs":true,"m_FxEnabled":true},"in2DMode":false,"pivot":{"x":0.004170283675193787,"y":0.2647283673286438,"z":0.009605497121810913},"rotation":{"x":0.030765347182750703,"y":-0.34868913888931277,"z":0.06397480517625809,"w":0.9369720816612244},"size":0.36035969853401186,"orthographic":false}