{"cameraMode":{"drawMode":0,"name":"Shaded","section":"Shading Mode"},"sceneLighting":false,"audioPlay":false,"sceneViewState":{"m_AlwaysRefresh":false,"showFog":true,"showSkybox":false,"showFlares":true,"showImageEffects":true,"showParticleSystems":true,"showVisualEffectGraphs":true,"m_FxEnabled":true},"in2DMode":false,"pivot":{"x":-1.8715940713882447,"y":1.1293848752975464,"z":-0.6597701907157898},"rotation":{"x":-0.11540987342596054,"y":-0.14495038986206056,"z":-0.04443816840648651,"w":-0.9840549826622009},"size":1.6583127975463868,"orthographic":false}