{"cameraMode":{"drawMode":0,"name":"Shaded","section":"Shading Mode"},"sceneLighting":false,"audioPlay":false,"sceneViewState":{"m_AlwaysRefresh":false,"showFog":true,"showSkybox":false,"showFlares":true,"showImageEffects":true,"showParticleSystems":true,"showVisualEffectGraphs":true,"m_FxEnabled":true},"in2DMode":false,"pivot":{"x":-0.6990233063697815,"y":2.326958417892456,"z":-0.8658996820449829},"rotation":{"x":0.021172096952795984,"y":0.6954492926597595,"z":0.020832154899835588,"w":-0.7185617089271545},"size":3.9076764583587648,"orthographic":false}