{"cameraMode":{"drawMode":0,"name":"Shaded","section":"Shading Mode"},"sceneLighting":false,"audioPlay":false,"sceneViewState":{"m_AlwaysRefresh":false,"showFog":true,"showSkybox":false,"showFlares":true,"showImageEffects":true,"showParticleSystems":true,"showVisualEffectGraphs":true,"m_FxEnabled":true},"in2DMode":false,"pivot":{"x":-1.4400264024734498,"y":-1.1220369338989258,"z":-2.3460357189178469},"rotation":{"x":0.05250402167439461,"y":-0.9464622735977173,"z":0.2011336088180542,"w":0.2470170259475708},"size":2.7951319217681886,"orthographic":true}