{"cameraMode":{"drawMode":0,"name":"Shaded","section":"Shading Mode"},"sceneLighting":false,"audioPlay":false,"sceneViewState":{"m_AlwaysRefresh":false,"showFog":true,"showSkybox":false,"showFlares":true,"showImageEffects":true,"showParticleSystems":true,"showVisualEffectGraphs":true,"m_FxEnabled":true},"in2DMode":false,"pivot":{"x":3.902820587158203,"y":-0.2770181894302368,"z":1.1853289604187012},"rotation":{"x":-0.021560268476605417,"y":0.9754475355148315,"z":0.18913450837135316,"w":0.11190010607242584},"size":4.088245868682861,"orthographic":false}