{"cameraMode":{"drawMode":0,"name":"Shaded","section":"Shading Mode"},"sceneLighting":false,"audioPlay":false,"sceneViewState":{"m_AlwaysRefresh":false,"showFog":true,"showSkybox":false,"showFlares":true,"showImageEffects":true,"showParticleSystems":true,"showVisualEffectGraphs":true,"m_FxEnabled":true},"in2DMode":false,"pivot":{"x":1.5683341026306153,"y":2.2064223289489748,"z":-0.3368988633155823},"rotation":{"x":0.13300658762454987,"y":-0.7404860258102417,"z":0.15289358794689179,"w":0.6413049697875977},"size":1.6583129167556763,"orthographic":false}