{"cameraMode":{"drawMode":0,"name":"Shaded","section":"Shading Mode"},"sceneLighting":false,"audioPlay":false,"sceneViewState":{"m_AlwaysRefresh":false,"showFog":true,"showSkybox":false,"showFlares":true,"showImageEffects":true,"showParticleSystems":true,"showVisualEffectGraphs":true,"m_FxEnabled":true},"in2DMode":false,"pivot":{"x":-0.052427250891923907,"y":0.12640787661075593,"z":0.11697658896446228},"rotation":{"x":0.02863570675253868,"y":-0.9707210659980774,"z":0.19500665366649629,"w":0.14051951467990876},"size":0.09008992463350296,"orthographic":false}